commit	val_bpb	memory_gb	status	description
b40743e	1.865391	1.8	baseline	DEPTH=4, n_embd=256, 11.5M params, Muon+AdamW, torch.compile, 114 steps, 180K tok/s, 0.86% MFU
9c8aa04	1.882007	7.7	discard	DEPTH=8, n_embd=512, 50.3M params, autotune disabled, only 52 steps, 71K tok/s
08fce00	1.878272	3.1	discard	Eager mode DEPTH=4, no compile, 64 steps, 91K tok/s — compile is 2x faster
79b4126	1.871329	2.2	discard	DEPTH=4, ASPECT_RATIO=96, 19.7M params, MATRIX_LR=0.06, WARMUP=0.02 — wider model = fewer steps = worse
79b4126	1.874707	1.8	discard	DEPTH=4, ASPECT_RATIO=64, MATRIX_LR=0.08, WARMUP=0.02, WARMDOWN=0.1 — higher Muon LR hurt
79b4126	1.880793	2.8	discard	DEPTH=6, ASPECT_RATIO=48, 26.3M params — deeper model = fewer steps = worse
79b4126	1.877954	1.8	discard	WINDOW=LLLL, WD=0.05, AdamB1=0.9, WARMDOWN=0.05 — combo didn't beat baseline
a1b2c3d	1.864224	1.3	best	10 shards, EMBEDDING_LR=0.6, MATRIX_LR=0.04, grad_clip=1.0 — more data, MFU fix
e2f3g4h	1.865084	1.3	discard	WARMUP=0.02, MATRIX_LR=0.05 — warmup + higher LR didn't help
f3g4h5i	1.864132	1.3	best	10 shards, EMBEDDING_LR=0.6, grad_clip=1.0 — 10 shards > 5 shards
g4h5i6j	1.864180	1.3	discard	15 shards, EMBEDDING_LR=0.7 — more shards didn't help, higher LR didn't help
h5i6j7k	1.863679	1.3	best	10 shards, grad_clip=0.5 — lower clip = better
i6j7k8l	1.863344	1.3	best	10 shards, grad_clip=0.3 — best so far
j7k8l9m	1.863337	1.3	best	10 shards, grad_clip=0.2 — same as 0.3, plateauing
2026-08-03	warmup_0.01	1.864606	157	253911	30.24	1302.6	WARMUP_RATIO=0.01, baseline LR config
2026-08-04	wd_020	1.861823	156	253911	30.07	1302.6	WEIGHT_DECAY=0.2 (up from 0.1) — NEW BEST
2026-08-04	betas_07	1.861714	156	251621	29.90	1302.6	ADAM_BETAS=(0.7, 0.95) (beta1 down from 0.8) — NEW BEST
2026-08-04	warmdown_005	1.865090	155	250322	29.75	1302.6	WARMDOWN_RATIO=0.05 (down from 0.1) — worse
2026-08-04	emb_lr_060	1.861796	155	251166	29.74	1302.6	EMBEDDING_LR=0.60 (down from 0.65) — worse
2026-08-04	matrix_lr_035	1.861765	154	249072	29.60	1302.6	MATRIX_LR=0.035 (down from 0.04) — worse

================================================================
RA-06 Parcae LTI Stability — Nano-Mythos validation (2026-09-03)
================================================================
Columns: date, tag, val_bpb, steps, rhoA_init, rhoA_final, avg_loops, peak_vram_mb, status, description

2026-09-03, ra06_a0_baseline,   3.078591, 250, 0.368, 0.378, 2.0, 1068.0, best-at-250, baseline orig LTI init (rho=0.368), no e-norm, no depth sample — reference
2026-09-03, ra06_a1_init,       3.082289, 250, 0.950, 0.950, 2.0, 1068.0, neutral,   +Parcae LTI init (rho pinned at 0.950 band top, <1 by construction) — +0.0037 worse than baseline at 250 steps
2026-09-03, ra06_a2_enorm,      3.082306, 250, 0.950, 0.950, 2.0, 1072.0, neutral,   +e-norm (e=LN(P(s))) on top of Parcae init — ~identical to A1
2026-09-03, ra06_a3_full,       3.082311, 250, 0.950, 0.950, 3.0, 1072.1, neutral,   full Parcae (init + e-norm + per-seq Poisson depth sampling) — ~identical, avg_loops 2->3
2026-09-03, ra06_L0_baseline800,  2.566979, 800, 0.368, 0.411, 2.5, 1068.0, reference, baseline 800 steps (lr decayed to 0) — rhoA creeps up 0.368->0.411
2026-09-03, ra06_L3_full800,       2.559975, 800, 0.950, 0.952, 3.0, 1072.1, ADOPTED-WIN, full Parcae 800 steps — beats baseline by 0.0070 bpb, rhoA pinned 0.950, no loss spikes

================================================================
RA-08 RoPE Loop-Index Embedding — Nano-Mythos validation (2026-09-04)
================================================================
Columns: date, tag, val_bpb, steps, rhoA_final, avg_loops, peak_vram_mb, status, description

2026-09-04, ra08_B0_baseline800,  2.559975, 800, 0.952, 2.83, 1072.1, reference, full Parcae (RA-06 win), no RoPE — RA-08 800-step baseline; reproduces RA-06 L3 exactly (2.559975)
2026-09-04, ra08_B1_rope800,      2.558598, 800, 0.954, 2.04, 1084.2, early-win, +RoPE loop-index (2D complex rotary over depth t, theta=10000, RMSNorm mitigation) — -0.0014 vs baseline @800 (below noise floor, hence 1200-step confirmation)
2026-09-04, ra08_C0_baseline1200, 2.314450, 1200, 0.952, 2.1, 1072.1, reference, full Parcae 1200 steps (Docker torch 25.12) — matches venv V0 to 7e-6, confirms determinism
2026-09-04, ra08_C1_rope1200,     FAILED, 0, -, -, -, infra-fail, Docker container creation failed (dockerd cached stale driver 595.58.03) — NOT a training failure; driver fixed via kernel module reload; venv pair V0/V1 supersedes
2026-09-04, ra08_V0_baseline1200, 2.314457, 1200, 0.952, 2.0, 1081.1, reference, full Parcae 1200 steps (venv, clean rerun) — first pass also 2.314450 (deterministic)
2026-09-04, ra08_V1_rope1200,     2.306980, 1200, 0.955, 2.21, 1093.2, ADOPTED-WIN, full Parcae + RoPE loop-index 1200 steps — beats baseline by 0.0075 bpb; gap compounds: +0.0044@150 -> -0.0046@600 -> -0.0073@1050 -> -0.0075@1200 (late-reversal signature of a real mechanism)
2026-09-12, ra01_R0_baseline1200, 2.306980, 1200, 0.955, 2.21, 1093.2, reference, MoR-off baseline (full Parcae+RoPE) — reproduces reference V1 EXACTLY (2.306980); confirms MoR-gated code path bit-consistent
2026-09-12, ra01_R1_mor1200,     2.310121, 1200, 0.953, 1.37, 1080, worse, MoR token-choice bal=0.01/dep=0.01 — router collapsed to 2-bin shallow (64%@1,36%@2); +0.00314 vs R0; redundant w/ ACT halting
2026-09-12, ra01_R3_mor_bal01,   2.316171, 1050, 0.950, 3.7, 1120, worse, MoR token-choice bal=0.10/dep=0.01 — forced near-uniform spread (slower ~400ms/step) but WORSE at every eval (stopped@1050, clearly non-converging vs R0)
2026-09-12, ra01_R2_mor_bal1.0,  FAILED, 60, -, -, -, infra-fail, MoR bal=1.0 — training collapse (loss stuck ~10.04 vs 9.02 baseline); balance loss fights CE; not a comparable number
2026-09-12, ra01_CONCLUSION,     n/a, -, -, -, -, NEUTRAL, RA-01 complete-neutral (not adopted). MoR token-choice router is REDUNDANT w/ existing ACT per-token halting (both adaptive loop-depth mechanisms, same code path). All 3 balance weights non-improving. Plan 35%-FLOPs/1.4x-throughput criteria come from inference KV-caching (not exercised in training harness). Baseline unchanged (2.306980@1200). Next: RA-04 MoD (different code path — layer-skip, not redundant w/ ACT).
2026-09-14, ra04_R0_baseline1200, 2.306978, 1200, 0.952, 2.0, 1093.2, reference, MoD-off baseline (full Parcae+RoPE) — reproduces adopted reference 2.306980 to 2e-6; confirms MoD-gated patch bit-consistent; train 335.1s
2026-09-14, ra04_R1_mod05_1200,  2.304970, 1200, 0.957, 2.0, 895.6, early-win, MoD cap 0.5 @T=8 — beats R0 by 0.0020 bpb; late-reversal signature (+0.0012@150 -> -0.0020@900..1200); train 272.2s (-19%), VRAM -18%; router score stuck ~0.5 (noise-driven bypass, block robust to 50% skip)
2026-09-14, ra04_R2_mod05_T16,   2.304970, 1200, 0.957, 2.0, 895.5, ADOPTED-WIN, MoD cap 0.5 @T=16 — EXACT replication of R1 (2.304970); ACT halts ~2 loops so loops 9-16 never run; plan T=16 prescription neutered by ACT halting; train 245.1s
2026-09-14, ra04_CONCLUSION,     n/a, -, -, -, -, ADOPTED, RA-04 complete-adopted-with-wins. MoD-0.5 beats full-compute baseline by 0.0020 bpb (R1+R2), -19% train time, -18% VRAM. Adopted NANO_MOD=1/cap 0.5 into baseline (env-carried). Baseline now 2.304970@1200. Next: RA-11.
================================================================
RA-11 Recycled KV Memory — Nano-Mythos validation (2026-09-16)
================================================================
Columns: date, tag, val_bpb, steps, rhoA_final, avg_loops, peak_vram_mb, status, description

2026-09-16, ra11_SMOKE,            3.215282, 60, 0.950, 2.0, 895.5, smoke-pass, MoD-0.5 + recycle-alpha0.7-dynamic 60 steps — no crash, loss descends 9.0109->9.0101, eval works, rhoA pinned 0.950, ~165K tok/s
2026-09-16, ra11_R0_baseline1200,  2.304970, 1200, 0.957, 2.05, 895.6, reference, MoD-0.5 baseline (Parcae+RoPE+MoD-0.5, recycle OFF) — reproduces RA-04 adopted reference 2.304970 EXACTLY; confirms recycle-gated patch bit-consistent; train 266.1s
2026-09-16, ra11_R1_recycle1200,   2.304971, 1200, 0.957, 2.05, 895.6, neutral, recycle alpha 0.7 dynamic-schedule ON — Delta+1e-6 vs R0 (noise); 7/8 eval checkpoints bit-identical (150-1050 all match, 900/1200 +1e-6); train 246.3s (-7.4% single-sample), VRAM identical
2026-09-16, ra11_CONCLUSION,       n/a, -, -, -, -, NEUTRAL, RA-11 complete-neutral (not adopted). Recycled-KV EMA is quality-neutral by construction (fresh W_K/W_V still computed every loop; blend only smooths); plan headline criteria (2.5x decode speedup, -60% BW) need a decode harness that does not exist in this repo — noted as future work. Baseline unchanged (2.304970@1200). Next: RA-03 LT2.

================================================================
RA-03 LT2 Hybrid Attention — Nano-Mythos validation (2026-09-17)
================================================================
Columns: date, tag, val_bpb, steps, rhoA_final, avg_loops, peak_vram_mb, status, description
2026-09-17, ra03_R0_baseline1200,  2.306979, 1200, 0.950, 2.0, 1093.2, reference, MoD-off/LT2-off control (Parcae+RoPE) — reproduces RA-04 MoD-off ref 2.306978 to 1e-6; confirms LT2-gated patch bit-consistent on LT2-off path; train 337.3s
2026-09-17, ra03_R1_lt2_1200,    2.306684, 1200, 0.955, 2.3, 1372.9, near-null, MoD-off + LT2 hybrid (GDN even loops / full GQA odd loops) — Delta-0.000295 vs R0 (marginal, late-crossover: worse through 750, better 900-1200); 4.75x SLOWER (1602s vs 337s), VRAM +25%; naive sequential GDN scan
2026-09-17, ra03_R2_lt2mod_1200,  2.305519, 1200, 0.955, 2.3, 1071.0, worse, MoD-on + LT2 (adoption-relevant) — Delta+0.000549 WORSE than current best 2.304970 (MoD-on); LT2 on top of MoD does not help; 3.5x slower (929s vs 245s)
